{
  "creds": {
    "noiseKey": {
      "private": {
        "type": "Buffer",
        "data": "KLMo3myVDASmoyOfbPXLFM+9zeWnQmmYgwnw9ePF9V4="
      },
      "public": {
        "type": "Buffer",
        "data": "eYiO8JrGQX/lWa/N1Sjrd5keRNCHeUZdhObjDDdJ6QU="
      }
    },
    "signedIdentityKey": {
      "private": {
        "type": "Buffer",
        "data": "OIo+Vrgvypj5rxT19YO1rH7Vyq8spC8xFvphyCoYllE="
      },
      "public": {
        "type": "Buffer",
        "data": "ZOCY0Atc0VbBIbmQkkXJK5p2UB+lfUba+2/PuFzxc0o="
      }
    },
    "signedPreKey": {
      "keyPair": {
        "private": {
          "type": "Buffer",
          "data": "SM7X9ozitphmU8hJlTW/rfOsGBgmtYXyOLkiFOOZJH4="
        },
        "public": {
          "type": "Buffer",
          "data": "vgq3HjiSz/MIg8cN2752G7m1JrNH8OiugUWlyqyT3Q8="
        }
      },
      "signature": {
        "type": "Buffer",
        "data": "d6aa1OZAmwsWTDO2qD7FALdy+VvjIiqo3xxPOXxj6M21rDedpCu/mVxJNHHl8uyqeUEgXgu2tMZ/AuhcsF+bCw=="
      },
      "keyId": 1
    },
    "registrationId": 93,
    "advSecretKey": "sEWxzsQPD5AQ4+iNoZ9rcytQ7tIiQ4F1T0cp62VSmlM=",
    "processedHistoryMessages": [
      {
        "key": {
          "remoteJid": "6281253637075@s.whatsapp.net",
          "fromMe": true,
          "id": "FA8D6CACEC93F34216B831CE683BEECB"
        },
        "messageTimestamp": 1675605465
      },
      {
        "key": {
          "remoteJid": "6281253637075@s.whatsapp.net",
          "fromMe": true,
          "id": "8F0B322201D85FB09F96007410AB425B"
        },
        "messageTimestamp": 1675605466
      },
      {
        "key": {
          "remoteJid": "6281253637075@s.whatsapp.net",
          "fromMe": true,
          "id": "3143D135B5F9ABB04CC1C136154C4A1F"
        },
        "messageTimestamp": 1675605481
      }
    ],
    "nextPreKeyId": 31,
    "firstUnuploadedPreKeyId": 31,
    "accountSettings": {
      "unarchiveChats": false
    },
    "account": {
      "details": "CLfeo6IFENTr/p4GGAM=",
      "accountSignatureKey": "yaO4XSp7fxx18R+QaSHyQc8t3YiCahGGQE3VgLhdjBg=",
      "accountSignature": "12mUzkegSCxn8IAtHll2RDNDEXWYub5ZIQAP26xiBktSavyk6R6WmApH73PdTSDlqxWHY46ps7b7YhVNIxNrCA==",
      "deviceSignature": "yjQZ2zS6Yfz6qQQBzIVH1EkmJw/pBG2XGn2O40digjGbs+az9xnRUhoc7XLI4wcQxZUCBg+n5XfKtJx/FNyQDQ=="
    },
    "me": {
      "id": "6281253637075:7@s.whatsapp.net",
      "name": "ayaka"
    },
    "signalIdentities": [
      {
        "identifier": {
          "name": "6281253637075:7@s.whatsapp.net",
          "deviceId": 0
        },
        "identifierKey": {
          "type": "Buffer",
          "data": "BcmjuF0qe38cdfEfkGkh8kHPLd2IgmoRhkBN1YC4XYwY"
        }
      }
    ],
    "platform": "android",
    "lastAccountSyncTimestamp": 1675607204,
    "myAppStateKeyId": "AAAAAH2R"
  },
  "keys": {
    "preKeys": {
      "1": {
        "private": {
          "type": "Buffer",
          "data": "sMXDbUy6UqrpKfNDj6WsuMpxjLuNg0rPZRWVX91f7Hk="
        },
        "public": {
          "type": "Buffer",
          "data": "uX7cnyzVYDfC4uW68N+NA0q1FH6FD8jy5gJ7SQ8blWI="
        }
      },
      "2": {
        "private": {
          "type": "Buffer",
          "data": "MBF4ufrz/Vj5H1cvO1bzKOJkrZ0riOvzLN+Nwap42Us="
        },
        "public": {
          "type": "Buffer",
          "data": "DCg8SKKYhZjIEDaJlTEEkmESnCuLYMogTd3LPxEeBwk="
        }
      },
      "3": {
        "private": {
          "type": "Buffer",
          "data": "kEGlFCfCihC2HbrksxOxRc1soPI2b8TSzV84KTGEFkw="
        },
        "public": {
          "type": "Buffer",
          "data": "T2oXHNIrrsvq4QAvSjio9o3YHavIQwNUgw+TrDLmlTA="
        }
      },
      "4": {
        "private": {
          "type": "Buffer",
          "data": "qGvcBApND/d6LVK5UrpIrtKJWpvGpDtUyxIMFBx/imA="
        },
        "public": {
          "type": "Buffer",
          "data": "SRWIn8ZgMLWQZtUHs2FXZrn9EVYawmwX4nals1S2cXw="
        }
      },
      "5": {
        "private": {
          "type": "Buffer",
          "data": "eJPK1Y/hugU55SV+NzLYFURUmdlo0gG/WcasmH7Sw1g="
        },
        "public": {
          "type": "Buffer",
          "data": "Fb1umE33AtSKOC60QGqFjK/51P8HydvrWB5kOFoCCnM="
        }
      },
      "6": {
        "private": {
          "type": "Buffer",
          "data": "MH7Zand3LhEEkn3Lyb2IunVRLdnxDsYujbO1Nj3FU2E="
        },
        "public": {
          "type": "Buffer",
          "data": "At2HmPOrfWCfMOkGbTh2GidpgufAxuKq1goeuJtJIUk="
        }
      },
      "7": {
        "private": {
          "type": "Buffer",
          "data": "qOLU+ZUAalCbfjYSGP26q+ggUT/MdRD5VD06dmDtVmQ="
        },
        "public": {
          "type": "Buffer",
          "data": "zwG4N3YMoHeToxN456mkUUJAZMR1X02BBFxwgcD8vEs="
        }
      },
      "8": {
        "private": {
          "type": "Buffer",
          "data": "2Cgx23AXu7HYrxDGSg5LUFgoh6SUWNiTe8jVZrF+WXw="
        },
        "public": {
          "type": "Buffer",
          "data": "ILtUEZqHP/M9NZRz0lQ+oboGp9FKZlQkuNMS0IeDeR0="
        }
      },
      "9": {
        "private": {
          "type": "Buffer",
          "data": "0B3wMUK4q6uvVELLo68t7QIoDCmRaA63uwoZcUkCa1E="
        },
        "public": {
          "type": "Buffer",
          "data": "Mearlt0NUvNQ8dgUJ6s5zHkNRx2qJXdYFTm09FQdQyI="
        }
      },
      "10": {
        "private": {
          "type": "Buffer",
          "data": "YD74V+lcYbwIHCItttGMroQl6GUJ1E8Hc1Wb7GmXmFo="
        },
        "public": {
          "type": "Buffer",
          "data": "s1+aAc1R6XkUhdSODW27yRfYc6nrL0QbyCYwB1FsVC8="
        }
      },
      "11": {
        "private": {
          "type": "Buffer",
          "data": "iIhsfiqOZ6/iESx0L8YsKTcTCpK1BARvqHLN0ibLvkA="
        },
        "public": {
          "type": "Buffer",
          "data": "tUTF6a35pm9yxJcfmKFhQ3VdRreqx3IlGm6TDkd30Gk="
        }
      },
      "12": {
        "private": {
          "type": "Buffer",
          "data": "UOLfHZR076ttqxkP3eJZrzIJwqiIOnNgIhTArSjlZk8="
        },
        "public": {
          "type": "Buffer",
          "data": "J+73i1v+9lpsd6luAgApOnMUuXbpEavoA1/HVyMmslo="
        }
      },
      "13": {
        "private": {
          "type": "Buffer",
          "data": "2H/2PseqpfRlriijvx1uO3uz7zaQZ8fLutlejkaRUnE="
        },
        "public": {
          "type": "Buffer",
          "data": "OKSsSZHMRWvjw8cGPnmURaKYtYQ5vo/dGZOGUjekyFg="
        }
      },
      "14": {
        "private": {
          "type": "Buffer",
          "data": "uKt8sYo9v/7C2o+KEpA93tB7tjSzUS+PunsDwNFSjHo="
        },
        "public": {
          "type": "Buffer",
          "data": "JUzW/PiigqWhykVxcjmLt/zy+9UaQ4zkBiQyPTbcKjc="
        }
      },
      "15": {
        "private": {
          "type": "Buffer",
          "data": "yLPcfCiUIMR/DaUKuE+moqK5sBr1eZUzVeWwuVSZTEM="
        },
        "public": {
          "type": "Buffer",
          "data": "bs4oZ73GczgwcPBaKJcJaoVEcKLTe/F2R8mZha6w008="
        }
      },
      "16": {
        "private": {
          "type": "Buffer",
          "data": "0NCt8HvQDxE8ZuZYQU3khKi1l3jPTfi1mVhkNgDy13s="
        },
        "public": {
          "type": "Buffer",
          "data": "anVQU+q6joDiVfmeSH/9MwUcuz6AWM0Y3v8Ym4AB5no="
        }
      },
      "17": {
        "private": {
          "type": "Buffer",
          "data": "OIAJPpKsZSOBgKdlMuj+o5DTJ92savcQQfXV/ct3TFU="
        },
        "public": {
          "type": "Buffer",
          "data": "o1Xm7VAeMMJGJIfVq/GiRHMmA4I9HURCruaEOMnyaSA="
        }
      },
      "18": {
        "private": {
          "type": "Buffer",
          "data": "iN+2qgUd+qEk/YTBaRJFmABsT3SIyjZn/BP9GeKtlXA="
        },
        "public": {
          "type": "Buffer",
          "data": "5fJX0ef5IidEDSk6O+9FM/AiZ84t7EpMjcAoIfMOEVA="
        }
      },
      "19": {
        "private": {
          "type": "Buffer",
          "data": "4H3xG76ggEXu1dEW7iI1HMraTr4kyHLHgisQQq42SHk="
        },
        "public": {
          "type": "Buffer",
          "data": "6QfuPq56sP0ryWWr6xV94Tljr1euYWCoDIgTH14E0xY="
        }
      },
      "20": {
        "private": {
          "type": "Buffer",
          "data": "2Fm6tT8UcxJahFzZdegzFOPjoGA1W1lXvg301zfRFUA="
        },
        "public": {
          "type": "Buffer",
          "data": "CRDB0Za9B+HTszlH0bEp2k3UAva48XFgKnKpX+WyJhg="
        }
      },
      "21": {
        "private": {
          "type": "Buffer",
          "data": "mMt+7ccrdAg9VDP9tA2TBldTRE9R1NR1hAIZL9IdpVs="
        },
        "public": {
          "type": "Buffer",
          "data": "UlUMQglB5fUzQBoiWwQscEZ/Ww5IgrdtdRYrSc1//XQ="
        }
      },
      "22": {
        "private": {
          "type": "Buffer",
          "data": "UIBWbt6i80S0Xxf3tvqe6DmbiPyihsGwReyecmIG5Eo="
        },
        "public": {
          "type": "Buffer",
          "data": "5SPcW1netvYXAvKylyul5z+ClO9UBakdTzIomULrvWE="
        }
      },
      "23": {
        "private": {
          "type": "Buffer",
          "data": "WGjyH6DqDSMyZdUFXTU5vaGMS0Tom+gIa968Qe9qCUk="
        },
        "public": {
          "type": "Buffer",
          "data": "tQXhW58W7qEPftk1HCM2MiIWkDUCvCwGHzhngi6Mt1o="
        }
      },
      "24": {
        "private": {
          "type": "Buffer",
          "data": "4Iq10girMNRFN5U+YQOBpOavU1JdZ8IQMY+j/vkMyEg="
        },
        "public": {
          "type": "Buffer",
          "data": "28iNI4zufOoPJPqFTQ9zv6IOOLcPgqvQK952JK32SjY="
        }
      },
      "25": {
        "private": {
          "type": "Buffer",
          "data": "MEvw7+EtYHZ+lyZfksLNwaw6Rm2bqgY5+CjF5GNMm14="
        },
        "public": {
          "type": "Buffer",
          "data": "909weLrDuVWx4V17DG+M8fMIPsPkX9YTj4rM3bBB/SA="
        }
      },
      "26": null,
      "27": {
        "private": {
          "type": "Buffer",
          "data": "EE1Z79jH1plJI0UCq0Yj9vhCqG6Sus+f7jrIg7rPJ1Y="
        },
        "public": {
          "type": "Buffer",
          "data": "2g+t+2OayxICXfi9HYdWf5xtRDkZAWt8IHRYo5Adf0c="
        }
      },
      "28": {
        "private": {
          "type": "Buffer",
          "data": "OB2bwSa46FS2r8v4Q13JxMqh5WdR8B5nYLvZ9g+Fe1s="
        },
        "public": {
          "type": "Buffer",
          "data": "HHVMvvBeSQvEiWzyZex7RBxNVpXrXHWwbrT2Bat+Yjs="
        }
      },
      "29": {
        "private": {
          "type": "Buffer",
          "data": "KNzjGVhM/Lq/fZN7A2MuJygrLJnc03Blh74ZlYoGSXE="
        },
        "public": {
          "type": "Buffer",
          "data": "bMvRd1ray7ZbBUdt9eKMKDuIV+3pZR1NEcyTnzuOgB4="
        }
      },
      "30": {
        "private": {
          "type": "Buffer",
          "data": "CP7iORNCUG2Qo3EohV3bcL2tdqRRdN5/UXOF0n6D5UY="
        },
        "public": {
          "type": "Buffer",
          "data": "yf7FLtsPqtqQMSX7itai0WsbgiW1cMdS6KIcC/N4XAA="
        }
      }
    },
    "sessions": {
      "6281253637075.0": {
        "_sessions": {
          "BbqOHcE8cZPuiSAIR0mfAh20i/ducFNCDAMuRbvgLJsD": {
            "registrationId": 1710191668,
            "currentRatchet": {
              "ephemeralKeyPair": {
                "pubKey": "BYLSCPQ0VRck+Hmseg9Azj4LLOgUafFEQU8ShcWIi9YO",
                "privKey": "WAAjoT+BcD/Cva6qZnrOzsIaqCFxLAbFuZbA3+XELm8="
              },
              "lastRemoteEphemeralKey": "BSlMaXMyeUENnn1UWyIkWYWfDNX1CmsFp5+i8yH49HNe",
              "previousCounter": 0,
              "rootKey": "t4biKbCyMP60Vm4gAJ2wnTGwcnGKrHFAn2kOuTkzxTs="
            },
            "indexInfo": {
              "baseKey": "BbqOHcE8cZPuiSAIR0mfAh20i/ducFNCDAMuRbvgLJsD",
              "baseKeyType": 2,
              "closed": -1,
              "used": 1675605464748,
              "created": 1675605464748,
              "remoteIdentityKey": "BcmjuF0qe38cdfEfkGkh8kHPLd2IgmoRhkBN1YC4XYwY"
            },
            "_chains": {
              "BSlMaXMyeUENnn1UWyIkWYWfDNX1CmsFp5+i8yH49HNe": {
                "chainKey": {
                  "counter": 8,
                  "key": "EHJcecCACaejVeanP+ETxqJ78bRpk6HnADoCMkD/HHk="
                },
                "chainType": 2,
                "messageKeys": {}
              },
              "BYLSCPQ0VRck+Hmseg9Azj4LLOgUafFEQU8ShcWIi9YO": {
                "chainKey": {
                  "counter": 21,
                  "key": "LQd0qBsXCBFXHpe1/lKs0rOJMZoUiJY8MThCk2Sa6oM="
                },
                "chainType": 1,
                "messageKeys": {}
              }
            }
          }
        },
        "version": "v1"
      },
      "6283155617283.0": {
        "_sessions": {
          "BcR0z0zT2/R8FMKEcrWt3jNXI4MjHaXXIRhoUjWPleVw": {
            "registrationId": 346709082,
            "currentRatchet": {
              "ephemeralKeyPair": {
                "pubKey": "BXwmkfzUahCGQOT1vcRsAzRudSlLmHH9TF53SXoHik8d",
                "privKey": "aLpAkSjKilfNfOytd9F3cfy7rXUbjTkvtg3Jp6EVo1Q="
              },
              "lastRemoteEphemeralKey": "BXcAwJgj2dxWMPyv9YOKBFnetpvUVEMlTPMRHTQNoyMu",
              "previousCounter": 0,
              "rootKey": "UEz52Bm/3kjsl3DzjjwPyElUjiYsSsHECh9q3v+nfvw="
            },
            "indexInfo": {
              "baseKey": "BcR0z0zT2/R8FMKEcrWt3jNXI4MjHaXXIRhoUjWPleVw",
              "baseKeyType": 2,
              "closed": -1,
              "used": 1675611476802,
              "created": 1675605492351,
              "remoteIdentityKey": "BcyTMNvwiog+OYsjUDlmkthCDvqdnJqRkwvc3P4syosE"
            },
            "_chains": {
              "BdBq83ga/AzvCJ6pnOr172LMQN5FIeEFpUjwP6DGRhtZ": {
                "chainKey": {
                  "counter": 2
                },
                "chainType": 2,
                "messageKeys": {}
              },
              "BV5EnuW2Tk4co6F7JLHOd0cdbh579gcHiUlnzS8e+aol": {
                "chainKey": {
                  "counter": 4
                },
                "chainType": 2,
                "messageKeys": {}
              },
              "BfGDyZDQ2P8LCVQMMlbaaXwhZjyX6li1nxgRVU71+4tV": {
                "chainKey": {
                  "counter": 2
                },
                "chainType": 2,
                "messageKeys": {}
              },
              "BfqMwgAs7ObqoeMZWa5CmsQkGvlW++FtKmqElU6S/H03": {
                "chainKey": {
                  "counter": 1
                },
                "chainType": 2,
                "messageKeys": {}
              },
              "BY14OVnESaW5JfAxSvwIsJaYQDWw1XaNCR/WAjx7UJ4C": {
                "chainKey": {
                  "counter": 0
                },
                "chainType": 2,
                "messageKeys": {}
              },
              "BZpTatxhyUzC6GkQiGU+0+J0LfEytCOBZQhe3jAujoAf": {
                "chainKey": {
                  "counter": 1
                },
                "chainType": 2,
                "messageKeys": {}
              },
              "BZqu8LbEYWPp9nfrUfnG2yECEQ+KpIoavLZUtYb2pZ4/": {
                "chainKey": {
                  "counter": 0
                },
                "chainType": 2,
                "messageKeys": {}
              },
              "BZSR7OX2ZG7y6/wZzbU7xGUXKG9+YE6fepfoLikqLvB9": {
                "chainKey": {
                  "counter": 3
                },
                "chainType": 2,
                "messageKeys": {}
              },
              "BbrC2YyN7lozYeDRn/QJlTa6KjTal2LzzcImBQRKeHwc": {
                "chainKey": {
                  "counter": 1
                },
                "chainType": 2,
                "messageKeys": {}
              },
              "BcTPy62OvH3N4nOgnUemqVOsE4IRiN19Rrq/zHSmKh5k": {
                "chainKey": {
                  "counter": 0
                },
                "chainType": 2,
                "messageKeys": {}
              },
              "BXA5eaXSwzRk+puwPWOqatkwI/wNHI6WqXf6hUgL4GkI": {
                "chainKey": {
                  "counter": 1
                },
                "chainType": 2,
                "messageKeys": {}
              },
              "BaSAksmBTM0GJ0splOeBwKOPFqjAU+GV/W9ftDMKXKN1": {
                "chainKey": {
                  "counter": 0
                },
                "chainType": 2,
                "messageKeys": {}
              },
              "BfYNMMCMwG3N6M5hE0iqGf+M7PnbH/cQocvrVxFra3sH": {
                "chainKey": {
                  "counter": 0
                },
                "chainType": 2,
                "messageKeys": {}
              },
              "BeCy9czGTdBEtn+oWLBX2YAtyQyCMXI+WoKmMDg7n8hp": {
                "chainKey": {
                  "counter": 0
                },
                "chainType": 2,
                "messageKeys": {}
              },
              "BZC+CzMHVjp9tfaCzI4rBD9CpOigM/9a7iDlUVg2efk7": {
                "chainKey": {
                  "counter": 0
                },
                "chainType": 2,
                "messageKeys": {}
              },
              "BZK7HKL80rFgo8ZyDLZiM7ZvGvLYMZSH3F+DdIw741Ns": {
                "chainKey": {
                  "counter": 0
                },
                "chainType": 2,
                "messageKeys": {}
              },
              "BXiXQk5Um13AAVIiPrsTEWL5l614J09mKnP1EhDNiTV2": {
                "chainKey": {
                  "counter": 0
                },
                "chainType": 2,
                "messageKeys": {}
              },
              "BRKkOgW/Y7WQsazjG++qzXch79+VXBUDjwDpQ7WNPNAQ": {
                "chainKey": {
                  "counter": 0
                },
                "chainType": 2,
                "messageKeys": {}
              },
              "BXcAwJgj2dxWMPyv9YOKBFnetpvUVEMlTPMRHTQNoyMu": {
                "chainKey": {
                  "counter": 0,
                  "key": "lWGfvQ1wOkL58R/nSz3lEVjHOGAxALT3c1dRTZGK+mY="
                },
                "chainType": 2,
                "messageKeys": {}
              },
              "BXwmkfzUahCGQOT1vcRsAzRudSlLmHH9TF53SXoHik8d": {
                "chainKey": {
                  "counter": 0,
                  "key": "6xNuq5RDUXIE0MAfsceo5luoJtzoupD7vKGaJq143Aw="
                },
                "chainType": 1,
                "messageKeys": {}
              }
            }
          }
        },
        "version": "v1"
      },
      "6281253637075:5.0": {
        "_sessions": {
          "Bd1GR5sh5NsbQipca89PgQNZuJD5arQNzIzFvwqt2KwL": {
            "registrationId": 117,
            "currentRatchet": {
              "ephemeralKeyPair": {
                "pubKey": "BRldXYqRAL60bQb6s5qNui6XoWbPamxaT2h0qa8FAuZg",
                "privKey": "+DRVJBLOmUwyReVvriiVFNtv6HsNp/ycu9divmbDylE="
              },
              "lastRemoteEphemeralKey": "BQWCc9dv8AHPfi1nibW0vKQoNEQeJlsN5EhUv1Zq5Dgr",
              "previousCounter": 0,
              "rootKey": "QPenVIWVnb+Gbv67g8iZrJoxbRuTkxkYjKOIYCzRK8o="
            },
            "indexInfo": {
              "baseKey": "Bd1GR5sh5NsbQipca89PgQNZuJD5arQNzIzFvwqt2KwL",
              "baseKeyType": 1,
              "closed": -1,
              "used": 1675608590434,
              "created": 1675608590434,
              "remoteIdentityKey": "BSUTP8uVAO4nscKivQOK9f+CSxakvXzGCgkwsq9euQA1"
            },
            "_chains": {
              "BRldXYqRAL60bQb6s5qNui6XoWbPamxaT2h0qa8FAuZg": {
                "chainKey": {
                  "counter": 21,
                  "key": "OZsd3tN0Up65IT2or09d+1virDfA7aSdCaQM5hpWztY="
                },
                "chainType": 1,
                "messageKeys": {}
              }
            },
            "pendingPreKey": {
              "signedKeyId": 1,
              "baseKey": "Bd1GR5sh5NsbQipca89PgQNZuJD5arQNzIzFvwqt2KwL",
              "preKeyId": 3
            }
          }
        },
        "version": "v1"
      },
      "6281253637075:6.0": {
        "_sessions": {
          "BRiZCBUv3eIe2k5naWtvGLAIq1l4KQuilcf/KL9oJYk1": {
            "registrationId": 180,
            "currentRatchet": {
              "ephemeralKeyPair": {
                "pubKey": "BdFTkaQNnXarLsC4joisfwV7nT3VUMPeS+Mal6ZLITNS",
                "privKey": "EMVShREjEZakcPrPSlmZruIOqSr/OnH3QmYlHjecP0Q="
              },
              "lastRemoteEphemeralKey": "BU6M1zk+Lk7Vh3YIr2WBWN7HcdQj2aLaoNtOhvcTJvhM",
              "previousCounter": 0,
              "rootKey": "PGx4g4vRQ3MlvBGKBOQbpU0iE0C7OiXVAajUgQZMn3M="
            },
            "indexInfo": {
              "baseKey": "BRiZCBUv3eIe2k5naWtvGLAIq1l4KQuilcf/KL9oJYk1",
              "baseKeyType": 1,
              "closed": -1,
              "used": 1675608590451,
              "created": 1675608590451,
              "remoteIdentityKey": "BaKscEmQInpWNbqFKwM6528tJHP/Fz21ypEGaci6wV8C"
            },
            "_chains": {
              "BdFTkaQNnXarLsC4joisfwV7nT3VUMPeS+Mal6ZLITNS": {
                "chainKey": {
                  "counter": 21,
                  "key": "tlneHzAZkqGebHaOE0O0RucjbldY4czSpXj3xXHA7yU="
                },
                "chainType": 1,
                "messageKeys": {}
              }
            },
            "pendingPreKey": {
              "signedKeyId": 1,
              "baseKey": "BRiZCBUv3eIe2k5naWtvGLAIq1l4KQuilcf/KL9oJYk1",
              "preKeyId": 20
            }
          }
        },
        "version": "v1"
      },
      "6283155617283:7.0": {
        "_sessions": {
          "BY42m7Q/F6E7UllcJ4I5qrIqHE7ovASPX/8edYj6BZJE": {
            "registrationId": 1527989673,
            "currentRatchet": {
              "ephemeralKeyPair": {
                "pubKey": "BUn8Iet0S8yqO1ew/zhQa7NtJQsH3jByHKEuj3Khe4dv",
                "privKey": "WDihUyDYtKVaIidrZt7BEXOyH1BMgGHKzdVSBqLWZ14="
              },
              "lastRemoteEphemeralKey": "BcdZP93xgpHpe+jvTugqQiWeAjmnasz/GOZ00PKJgzJq",
              "previousCounter": 0,
              "rootKey": "5gvQsR0/SftaI/RDX5T8chaySuTcQljt20Oqk2zPtq8="
            },
            "indexInfo": {
              "baseKey": "BY42m7Q/F6E7UllcJ4I5qrIqHE7ovASPX/8edYj6BZJE",
              "baseKeyType": 1,
              "closed": -1,
              "used": 1675608590468,
              "created": 1675608590468,
              "remoteIdentityKey": "BTg3au2N5o9zFmPGtdN6cE8yAHAhWRN3YA6oxCaWnMZp"
            },
            "_chains": {
              "BUn8Iet0S8yqO1ew/zhQa7NtJQsH3jByHKEuj3Khe4dv": {
                "chainKey": {
                  "counter": 21,
                  "key": "jkoAf/ilCnHA+W7g2ue7j7x82Sz7miEXx+cdX60P9mg="
                },
                "chainType": 1,
                "messageKeys": {}
              }
            },
            "pendingPreKey": {
              "signedKeyId": 3,
              "baseKey": "BY42m7Q/F6E7UllcJ4I5qrIqHE7ovASPX/8edYj6BZJE",
              "preKeyId": 2083920
            }
          }
        },
        "version": "v1"
      }
    },
    "appStateSyncKeys": {
      "AAAAAH2S": {
        "keyData": "ASmbq4cmmZaFR1nsx8xs3+daWNVQYunC0CKDW86qgG8=",
        "fingerprint": {
          "rawId": 1414065974,
          "currentIndex": 2,
          "deviceIndexes": [
            0,
            1
          ]
        },
        "timestamp": "1675510443204"
      },
      "AAAAAH2T": {
        "keyData": "RBraGQ1vHt563Vtk1cLBKLYyLKXL6vBaYhLBy3a/Ipc=",
        "fingerprint": {
          "rawId": 1414065975,
          "currentIndex": 1,
          "deviceIndexes": [
            0,
            1
          ]
        },
        "timestamp": "1675523226047"
      },
      "AAAAAH2R": {
        "keyData": "zy5/2DcaAy+Bq8gUYVLsM/61Wqoer/INaMiliEy1xjg=",
        "fingerprint": {
          "rawId": 1414065974,
          "currentIndex": 1,
          "deviceIndexes": [
            0,
            1
          ]
        },
        "timestamp": "1674483388130"
      }
    },
    "appStateVersions": {
      "regular_high": {
        "version": 5,
        "hash": {
          "type": "Buffer",
          "data": "8P4+hiqnaKkGYzun1866EReatEbBUvA9BZ5IScIvsMkWp++Qi9hB60L+jfOY1BO9655sviJQpsZ3YMadh2SeIUTWvyL1+0IJFlhVjPTQYD8DA1k5Xgzz7r+9ha91IjCZGcsAxzIH8O5v5Xf18P8zUQMa2tVsNuBvqqLCwsJkWG8="
        },
        "indexValueMap": {
          "ARRb4ogvpECrR/e0fSpP/cI+WLMStPY3AtQGTNrE2VE=": {
            "valueMac": {
              "type": "Buffer",
              "data": "qfJjn5Km+mQw3ki95rLwWM4/PdupymPQMqH9KeQEkwQ="
            }
          },
          "KGiEY5aRc9S7YTD+mJh0nJV5i4c8JgzvWZZtJUxjNQY=": {
            "valueMac": {
              "type": "Buffer",
              "data": "sApirVMPBdUDY3lSx1lkdc2+pD7yZIWdNQszx0OFPKU="
            }
          },
          "vqus6/fOi46s9sgOpZTfi/qIFYL+5d6/q04zAIthJAk=": {
            "valueMac": {
              "type": "Buffer",
              "data": "fIg92JR1S6lT3UG5JAm+Wy/ZrCdZoZ9YXrml3rbbX90="
            }
          },
          "aSn10n6w6uxBJDzgn/QJCnr8HYSpczxkrtgz6ubFuTo=": {
            "valueMac": {
              "type": "Buffer",
              "data": "AZ5xeaViYSLT1/YLzyFTzQ8CTqsmPsgUn49KRwpmqOo="
            }
          }
        }
      },
      "critical_unblock_low": {
        "version": 32,
        "hash": {
          "type": "Buffer",
          "data": "4VC/aIBbYym+8VfRMehckTJOHGtOMcXyrHE/EmL7T3OErB8xWTI9Xpo1X413kHCVVuImBCB1b9dDxkgmoOdIe0Wvn/RiPGX50UFuutHVUEDawCHUGLKxKnT/K8jMl34J0+8WR8nMwmYiLypZcdEOIXpeSYxlMjaYtIqw0leWmwQ="
        },
        "indexValueMap": {
          "ASMv1av9A/MspUbq1FyUGsNm6jxQhLTX/DaMsjjgNYc=": {
            "valueMac": {
              "type": "Buffer",
              "data": "TmgVqwhECUsk35VP04bHuCLAG1VM7sPghW7g+Cz/GpI="
            }
          },
          "Ast8Kl6zZR7ZA4jVvfYIPLiXXNUFsingix/HJWib5Yg=": {
            "valueMac": {
              "type": "Buffer",
              "data": "dqiS2vBD0KKJpOs+7Lzzrs1MdnWfmYpjg2tLnwV8jd0="
            }
          },
          "BfFZIfmvIBPzJrV/GieeDyY6+BMsQQpm8axB2ov3r8g=": {
            "valueMac": {
              "type": "Buffer",
              "data": "sx2TSFLuAxZVtk2lgJM1FjXftq+felddcpc6BV/cMtM="
            }
          },
          "BpkPUfQZSM+FlTOT5Cl3TewwfB4N6uO6V3nQgqQjbyI=": {
            "valueMac": {
              "type": "Buffer",
              "data": "dutH5sfDTRQL/jQUhPfM7MBRt9bS0ymviMDbgVLDzG0="
            }
          },
          "B2s3gvxhx/OpQS77Tb9x9r1/puCVUuzHb1MnZnX6rnM=": {
            "valueMac": {
              "type": "Buffer",
              "data": "tcE5DZ8WzTnwGohcc8tLG5fpI+bX8RXxWAKPHfBFxKo="
            }
          },
          "DCQX1zSOX50GBYnNXeN/ZqCGba4t/cVfZifTfetslS4=": {
            "valueMac": {
              "type": "Buffer",
              "data": "oh+xp3eJGpJXduKw6LKPigo0SJr+M2ZWZbVWfvhY+Ug="
            }
          },
          "EebYW+CoW74ZGV0hpK5kG2fkIOA7ZMk4kN1x76KsDfw=": {
            "valueMac": {
              "type": "Buffer",
              "data": "KrongLCO/SJwyF/6FoqB/aHnO+XfHGMvKOtvQwX3GRk="
            }
          },
          "GW2FY1uK6Xz2R/Wr82SPOLJ9VXaoCYYg9RC86ICSCVc=": {
            "valueMac": {
              "type": "Buffer",
              "data": "nFzDP00cgOLAgkmAxMarvTegGyhAuFB9NF7SatHzWRk="
            }
          },
          "G5mQkc6HeBOlMLTntsJA55axEuAtHSiz4r87pxA4iEs=": {
            "valueMac": {
              "type": "Buffer",
              "data": "lQP3QnlkRtsDtcOXdr4KBGraFDSVvT0xBwLtKPcPGJk="
            }
          },
          "Hzj89xDcE6PLeCDrrnOjaPQ03b7X2Q0QpHX9DyDY8v0=": {
            "valueMac": {
              "type": "Buffer",
              "data": "wvfpFJyrdbQz4WzhI7Ie7YhItJQlVgVjZVdYHHQ1G/c="
            }
          },
          "JoN3u07/FvniDGSg7ab+VFk38AEzlLc1V27SBa/nc88=": {
            "valueMac": {
              "type": "Buffer",
              "data": "DOLdJBjSZz69BbZdM0l1zhe/R6SuVGUKYH5Evl8iGUc="
            }
          },
          "KgE4BFGzzA1i0snZdQOsrIvD1uDMXsQjKuvMMt9DGAo=": {
            "valueMac": {
              "type": "Buffer",
              "data": "iBS2eULUy9oJKdFRddOnpW08aMEloxA+1m3w4XkTMPk="
            }
          },
          "MWVN04OOqZsSdwo0FPcchm2+9OdHVBzpKZrVmGsqd6c=": {
            "valueMac": {
              "type": "Buffer",
              "data": "NYGDDK0enM//uKx0q75F8R3/hluJxcUotvvo3nj47TU="
            }
          },
          "MtwljtH8syEZbd51p5/BKqlfn9wIgYQwvJt6i7Mg5ng=": {
            "valueMac": {
              "type": "Buffer",
              "data": "nyc8kp0EvTw1MGPSqbgNKrMFujQDV3agCujwP03vvcA="
            }
          },
          "M/oNtCTD9xBynKqPBBFj3zM9xaYJ53k/M7GtqjqSY5Q=": {
            "valueMac": {
              "type": "Buffer",
              "data": "emlqLh3LFVw0s19X6eY6yJTMNysDOnRyMQq3ALngzlo="
            }
          },
          "PAqvw2u394qvApNbXqPHhztPFVExXksEoXjkSai06dM=": {
            "valueMac": {
              "type": "Buffer",
              "data": "JX9e0MFnTMWqShBzZqqTPkqr4kp4UlHfmNfZJ64SeCQ="
            }
          },
          "RXEj4VH00XDDh7yiBcNfilmFuofkgd5MfoYfbGeDCkE=": {
            "valueMac": {
              "type": "Buffer",
              "data": "8P/WwDH1U3GqTprkAfW3U2LdBOGOs4BLfMpie1H7HjE="
            }
          },
          "R8Cpq5gTqoHyWfUcKNvlvSWf2+rDUvG2YTTQSmU4LIo=": {
            "valueMac": {
              "type": "Buffer",
              "data": "A41vPltGOkxzSDb39afyLOWJvOurJqjSLV/SgnC0NoY="
            }
          },
          "SIWCEHkgvgMipdqqpeqz4XgYKw6+A8OKiM8/phUqA+s=": {
            "valueMac": {
              "type": "Buffer",
              "data": "RZ78tAxFSVDZTWntBIQZAKT7iPGCoK9u2nQUBZBTL7o="
            }
          },
          "S2UxtCGM/ctdBfmgofO3PUrRmHs2NhrgmB5xhEZ8uKg=": {
            "valueMac": {
              "type": "Buffer",
              "data": "v/WfJx8M1CChd+e8644aPSK1vjDmHRueBasahDsof38="
            }
          },
          "UpTug9smdKcBNp4A8K/Vrvk16LHra7JMQXPNXV6PvQw=": {
            "valueMac": {
              "type": "Buffer",
              "data": "CCxqMv66DtIW/vNyMPdxzWM7R7rvfDi70UfOj8s9vkQ="
            }
          },
          "WbZW0kXEA2TsW8cJYulxru6667zOIVuso+PCVB7pP8Y=": {
            "valueMac": {
              "type": "Buffer",
              "data": "h5Ha7+VMRSUyoz1TCzbdRPCJQf7a6lyDUIMd2omYFZ8="
            }
          },
          "WknDW75qYZ68LCORsIAunbKbg+yXW1rufMUZM2w8B+g=": {
            "valueMac": {
              "type": "Buffer",
              "data": "SVJuB8ugGGkQXmB0Qh4yxp8QFhfMAODLJFD0hERKAgY="
            }
          },
          "WnKPlqhq0SodZ2spkLXaEU7gOh+J3uObSYl/TBWurEU=": {
            "valueMac": {
              "type": "Buffer",
              "data": "RgV6POCg1MbhasJzXP2yrY+fVu7qRc8GxyXA96BCyVY="
            }
          },
          "YDduCc3TontbOWvo7F05sVK1KkmeR13xVrQHVRpULsU=": {
            "valueMac": {
              "type": "Buffer",
              "data": "3BgH838ZtzHHgLdC/kHTu8Jpv0RABUt02/Wa1uBFfGg="
            }
          },
          "Yc1fryq+ebRGUOHLucf7gPpuNI5u5etS70VdhhltBTc=": {
            "valueMac": {
              "type": "Buffer",
              "data": "2tJx6aaH1WScrMoUYV/LHnXDuT7KSKK4EisYcS6F/nc="
            }
          },
          "YvOkWuWuky8205yOk4mm1ojRtU4zRLZA7U3KQP3RP3c=": {
            "valueMac": {
              "type": "Buffer",
              "data": "cOw+flp7GBW4nT+T0bJv2WOrS9cY29TOb/YaZ6kFuhM="
            }
          },
          "ZZXeCh1gSoKaJBQmIXec6qJBZptVNHi8vRPZpFbb6DU=": {
            "valueMac": {
              "type": "Buffer",
              "data": "hp04FkmTuEbEo3OGp8HEscdYfosSF70sJ2SGeFFZwoI="
            }
          },
          "Z4e6u9Fc5OTYcKCaJaU/JUC4CEkTkszOx8MkwRuyqWk=": {
            "valueMac": {
              "type": "Buffer",
              "data": "WzfauEsQrTq7oWyPBTsmc2veMd2RxG93WufrL2s0yBU="
            }
          },
          "adipvb/5IyNdmwZtPM2TILsF7HpTvyNpWerABt71t+w=": {
            "valueMac": {
              "type": "Buffer",
              "data": "vXLl7IX5T67GyT5ZeW/MeUihZPIt1oB4x2Oyr9F6hXY="
            }
          },
          "bKiyUkr5nUfuMoi9BCRqUL/NY8NIVNmtRY0rc36MCSU=": {
            "valueMac": {
              "type": "Buffer",
              "data": "tgWHPrJcHiUsz0Iput7RYi89tAnn4qdzkMSIzT9SYx0="
            }
          },
          "blVAZtH8LUDWrfLXQm/BviUX3Qs/VBsqSfYidSTju/4=": {
            "valueMac": {
              "type": "Buffer",
              "data": "/yd0pSkEE/Brj5I6651as/cm2GIbLRqOhv+zf+NmoOE="
            }
          },
          "dbcOuwgr7bDNEE0iGwoeFf5h8JjZhqLOFRc74MQbypg=": {
            "valueMac": {
              "type": "Buffer",
              "data": "F61/4HIHlvYL3V5gzcPkLq74xdagfYVjAalkcdzNzoU="
            }
          },
          "dvSi9uNP/WVj4sg7alcv4flNwee1mt5YAwK9Mc/X6iM=": {
            "valueMac": {
              "type": "Buffer",
              "data": "tkOkf3x8vLvNB02nUV2uFvRJ73HROdoaIl46fE7LvnA="
            }
          },
          "d2xShoCQgGssE3Fg0jtH36TzrXHkwediEqQTK1CsVWU=": {
            "valueMac": {
              "type": "Buffer",
              "data": "Ze9O6aMlc+nawt/tx83ZlPC6meIzvTXyk1VjG0A+ADA="
            }
          },
          "e3wsX9jclA0obh50kfB85t6gYqO1at6eine5zgIAm6M=": {
            "valueMac": {
              "type": "Buffer",
              "data": "n5X8t8AQrusfM/dd4XcMbGVMaUNwLoJpTFIT3hgg8Yw="
            }
          },
          "fsmO4rxu5X8WtyEfq8tokTRtUUUTl60+ZCxLwhkVouI=": {
            "valueMac": {
              "type": "Buffer",
              "data": "fyBZVbG6/ZFHszdt5iEPP9y/yfFOX81Av4Kr53DLcfc="
            }
          },
          "fuhNioR/DWSh/OA3hcJelhoySMTJesVXqktw46acnI4=": {
            "valueMac": {
              "type": "Buffer",
              "data": "goVZ4DVcIukQpTbmbgWJG4Z+Ph4QYmnGyF2LAayebBA="
            }
          },
          "gMRHAtnSRDAsLkA7R86KKEQYQq+83p+ftQjtM2N10HM=": {
            "valueMac": {
              "type": "Buffer",
              "data": "fGU8HSpPt1dXO++5va+VNHByxMAbEdjZsNlx5ujpbr4="
            }
          },
          "gXs9qIqKo/tyvER4BTJDJqhQchoHsiTjMvThCPTlZho=": {
            "valueMac": {
              "type": "Buffer",
              "data": "rC3LexdfovmEeco5zywCk+f1CryNsdMPIqrtxikzvno="
            }
          },
          "ga+NhmEmU9eW5RI0w+t7nyjRR85OGPJMDshR6JhYxMo=": {
            "valueMac": {
              "type": "Buffer",
              "data": "FwM1a3jHxCXvhXVJNlqSaxSuByFKcF7dyBE3ibvDKSE="
            }
          },
          "h15V7Cb2uLWXVuj3aGdvooH9B9BuJZmrgNLXL9nMPnQ=": {
            "valueMac": {
              "type": "Buffer",
              "data": "5pb7h+suAKUkc+FBykNJ64ui9TT5YfHz5pkUedcmD0c="
            }
          },
          "iB9h5wPHh8io/Vi44DEEQndQj/N9DkRojIUuBf39UZQ=": {
            "valueMac": {
              "type": "Buffer",
              "data": "F4z0d3jUu14a0tm9sefQB7eKFqTA7gbz4aJ7U108m0A="
            }
          },
          "iJpn4os1v6aLAQ0lt8XhiqVf2Q9K0JI5afYT37nxbW4=": {
            "valueMac": {
              "type": "Buffer",
              "data": "jAt/HeVwSSdJQJfr4haHPQq19dQtKRj6AgjI2XCv0gY="
            }
          },
          "iOlHPdkP9rAg1IH+IJt7sLfxsUPpc/jUqgBiTngADIY=": {
            "valueMac": {
              "type": "Buffer",
              "data": "+/ncxIgi4Ax/ayn7qyDzIgd//y3FnBeRcVyTqdfB5No="
            }
          },
          "iUmIYCTP0kdBYjR6E2NJtyCNDfOu6ox+Pz+/LrNJ3b8=": {
            "valueMac": {
              "type": "Buffer",
              "data": "+ARnn5xhsWCbAvOFm0Huv9WpVUmk0dHTBq6U7Xf8GWQ="
            }
          },
          "i5QKFcobNARDzczYGbQhIne5Wj0enDHvkl1yTwI4vLo=": {
            "valueMac": {
              "type": "Buffer",
              "data": "ibahB2kF6+As5gCmHzkGq1F58Ug0BA0m7raeUhFocIs="
            }
          },
          "jSwHCuJzuo+IBML8WCb+FKxu/2FUZaxtx4ZBP14DAdE=": {
            "valueMac": {
              "type": "Buffer",
              "data": "fchmoE8wV37HD6OV+jEIZriyTWQl7n2yU7ggzqcdg8U="
            }
          },
          "lSycmghECH+qyT7lPnb8TofY42nZiHnRnsix/VUSX1M=": {
            "valueMac": {
              "type": "Buffer",
              "data": "yuX96nIESzD/MiHq/SGbwPtVOEjXCtj9RER+keuSRs4="
            }
          },
          "lkTs4ndEkK8ITDTvLv9XXOVDNajLtG3GHMG2d9/BKyw=": {
            "valueMac": {
              "type": "Buffer",
              "data": "RCk8oWCEQlnHJjcfOyh/jbE/yDwYJ+KPMg3VbhbzhN8="
            }
          },
          "lln2j4ZRwsdaI2StA7CtbOpxKxF0U0MeGpOHSQBnHyc=": {
            "valueMac": {
              "type": "Buffer",
              "data": "aGsYK5Rhsp2qUA+Du6iHTlondDovzEMLFhjWePgX8QQ="
            }
          },
          "lmqRDhAP/ta7u+3VbjghxzBqJcq+O/NT3E802ms3FPg=": {
            "valueMac": {
              "type": "Buffer",
              "data": "QgWLB4TAmhQUfFKEDo+YfMS5ELy+7bQ811+Ga+fOZ+U="
            }
          },
          "mc7Z/6KpL/rrgLq/BUWeE4dShJgi7Y3TO+avpE2U1hQ=": {
            "valueMac": {
              "type": "Buffer",
              "data": "RxN2YYsjfp4W6lHNef6FJMySzBIl+WwQpMndkxomhD8="
            }
          },
          "mrnw53gs9YFxoaVR/S9L2C0kGQzz+kkFqqK6gVToiW8=": {
            "valueMac": {
              "type": "Buffer",
              "data": "PVNc8V88SREsHLwDgiU/AfA2bnvl9S3cVAPsFF8YHaU="
            }
          },
          "nKV6fVWdtY6o+AuDz3RwFbVqA7UN7njogMQKTwEQBaA=": {
            "valueMac": {
              "type": "Buffer",
              "data": "UMSGqsdcGkbiM/D5k4QVAmgaHP99qXwf+bEZvDFNtVE="
            }
          },
          "nMQGsiWpq74mbtEOR06+MdEk6mkhVHv06zoWQeSoNj8=": {
            "valueMac": {
              "type": "Buffer",
              "data": "oDnXMIJ2dzQWfXm7srflueWuKLd7zOVt/iLVEksXcvM="
            }
          },
          "oGAQoWV8crrhmzHuMicX8OeEerpZY+KiSchMpZ4GF6Y=": {
            "valueMac": {
              "type": "Buffer",
              "data": "t3uWpZRiRrQwRCUITsgBcj8guBii3+0DCJvmEavNgv8="
            }
          },
          "o7egjBt+bBGd7+2vAoSucpP6GgAL2nYvzuS0sEGQuhA=": {
            "valueMac": {
              "type": "Buffer",
              "data": "5qbM4XHtlWocniuV4+IQrW2nIZRcuC3L4JLrlm+aTSA="
            }
          },
          "qvYgT4iYVc77LoUCKOnpnLshepHGzCDotli0Fpx9b1s=": {
            "valueMac": {
              "type": "Buffer",
              "data": "4/zN+U01eMMX2Qz+Lvmh1IcJ7S0GxRIMy5C2k/R3xic="
            }
          },
          "s67Vkeomqy5TzaysHi+j1Qw/0sQYNtm/ysa51aHRZRE=": {
            "valueMac": {
              "type": "Buffer",
              "data": "081gAoM7JmrP+77ubztpO3V1Mopjunvn8W7FIthnJyg="
            }
          },
          "s7EHzKNKKTeqjkta5FvODbaauKjlkUZITYrx33C30yw=": {
            "valueMac": {
              "type": "Buffer",
              "data": "UJs2zPHk/wI8KF+wQfDBP1m+VI+dKQOutGNJPqY8rpA="
            }
          },
          "t7dGKEX/0RojD9XlsXIcm5XeFsXD60JVzjoc5MDNJ58=": {
            "valueMac": {
              "type": "Buffer",
              "data": "DR1dT5hzjv7Wb7Pp6JE6cdr+4Hp3h7D5DpTrt69rLJQ="
            }
          },
          "wRcaYfO/wPUym4ZotB5cLn5F1RMbrRS3USJ8y5Kmf2A=": {
            "valueMac": {
              "type": "Buffer",
              "data": "6pKMEvYxKeqSzTaxZiQVFOXYgQ/STpXXkjuSY+l7zFA="
            }
          },
          "xqbxvU5JsFFBtPjDjV8c8ACw9bvNKW4NSXwKaXf/f3s=": {
            "valueMac": {
              "type": "Buffer",
              "data": "I7TPY3EmcDmPtUlbXJwvM2d9XQR0Oti52jRGdl63BtA="
            }
          },
          "xuXVA/3uaxmy5Ceyx/iR8wg/dVvmd+ZkyFgVkDPzm0k=": {
            "valueMac": {
              "type": "Buffer",
              "data": "BMWb6MreOuq6WYkwzvXz4KTl2S44NL73BHIpt3W0LvE="
            }
          },
          "xyNCs7EPnIJs6HHrrf0yOQJyY+Uw/1b41wlNBpa/bWA=": {
            "valueMac": {
              "type": "Buffer",
              "data": "Bx7U3JAPYqme4X6uc5jgJQNL5+BeslMjRy+G7nwdsBg="
            }
          },
          "yqww09x5eTiz+3w3kkdKXZixjP/x0Ho0jjv9pAeDL5M=": {
            "valueMac": {
              "type": "Buffer",
              "data": "hnlwj6q6kbvp1w+nWd5QfO4J1qcxRbA6sKDttWFEfe4="
            }
          },
          "y/sQiyXYz7dy7VTGMxekZusuV/6L55Qjf8KaBvMQgoI=": {
            "valueMac": {
              "type": "Buffer",
              "data": "iEPwzdl4ZpspDzJdLkeGCtVhoqpYuBQnRyrGAktTd7c="
            }
          },
          "zVbudG+mY7FWFXKbn+BhEMD4xxcqIIxw8vV5tyl+H70=": {
            "valueMac": {
              "type": "Buffer",
              "data": "nX0qCExB9F2WocBG9VTS3HSizTw2pFNOakNYAO1lzKU="
            }
          },
          "0QVV46gaA7bEKyGW8/AUzMtsC2EwhwFixGZ7G+S1oqE=": {
            "valueMac": {
              "type": "Buffer",
              "data": "rXw0bBPyTlZAcj0ZbWyoKPvuJ33PzEMUTww5kxWXdAo="
            }
          },
          "2QUJGqIsJG60qYm+kswMGxQiru9fJ5VE/CNNCdZGgRE=": {
            "valueMac": {
              "type": "Buffer",
              "data": "iiG6to7ul6Dw97LpeNBhTPdwikFlp7VuAlQ4VEHMH+g="
            }
          },
          "2h5Gj4kOMRTae6kiSvIXYarjtzdXAkmyvjOyJQoIy/E=": {
            "valueMac": {
              "type": "Buffer",
              "data": "vvhPqnw7gIUztsReGJ83n90xYaUpHe79FctFYzAr9cU="
            }
          },
          "4bW/vNGtGUD0cJiVABzkiilGxbMO4a3oTxtH524oJwA=": {
            "valueMac": {
              "type": "Buffer",
              "data": "+ITrJMhS5KwIXMgQB6eKQLqNmSwHV/YNLagO9MJZ7HQ="
            }
          },
          "5DpXKgu8gefugQOK+XbmaifsXJ6WUAps9N5LcT9YEk0=": {
            "valueMac": {
              "type": "Buffer",
              "data": "dSdyYIfd1AL1Gz+ReR1xayl/8vIih+sn+Sv29gKjgdc="
            }
          },
          "6PLkN0YJudoMw8fC+D9tuJdLjtfTrbsJ1s9TMZxy3ek=": {
            "valueMac": {
              "type": "Buffer",
              "data": "PsEhrGWWb19FxHZNlXuIihF7kjIrwVQQqeqMkyvQaGQ="
            }
          },
          "6tM66EhJgMfu9DkMHCV7COC8j2im2ZbDO35ntmjjuwI=": {
            "valueMac": {
              "type": "Buffer",
              "data": "ubzgcDkO+RSLnWzPE+UiJI/cIYfFjg1Q8tsMJs9DpTk="
            }
          },
          "+IkiuRooZj5L722lDcK7bhgFgW8O/NwTH5QYs8bU0AM=": {
            "valueMac": {
              "type": "Buffer",
              "data": "aWFNzfV+qOJxmTVHhVyK2fOsMQlXAHy5NSiEpxTeQvQ="
            }
          },
          "yPgSRnojcM9ckfx+jSSIcnwYY7RNQuthuHY5mPqU7Qk=": {
            "valueMac": {
              "type": "Buffer",
              "data": "ZBqhCs1sCmNgmgmSED6ETiCxpuy4ZtPrACC1euT37Wg="
            }
          },
          "QtNoWc8H+HWlqBxwAJlGioSyucnB9MDNNDEqTREJnJ8=": {
            "valueMac": {
              "type": "Buffer",
              "data": "/TkmQs/YDbGIWghO2pyOdRHP3si/zzW/ta7+kpaoS6s="
            }
          },
          "5cZBFxWDBLuA3LrX9fVoTNH4cXAY3LtuZwhoBLRUUhM=": {
            "valueMac": {
              "type": "Buffer",
              "data": "eEZC9/0TfHDM1M1a8XiaIbyzeEQeCr4QqmQ3da8NGTY="
            }
          },
          "2q8ON7la9FtkWfRYftezi0TvKDFMTFE/dQFkAputPbI=": {
            "valueMac": {
              "type": "Buffer",
              "data": "A+tUyvMc31GhuovZ69g65DbcwkAtMPaCt+7qttF9gIc="
            }
          },
          "sYabFrxP77psKXQmNNEx9EHgEz1m31F9KIznxayOgik=": {
            "valueMac": {
              "type": "Buffer",
              "data": "lPKbjvrvEE6x6+uy4AoZANWN3WdhiGqNo7f6PxHdQgo="
            }
          },
          "pMton6WYsbFXA5coNBpTZUpwMJOkBJHQBdqxUQW2Jng=": {
            "valueMac": {
              "type": "Buffer",
              "data": "j2+2NsMBIHrkAveHVPbqnAcRYbc0DBW3U7+RxxLm7Po="
            }
          },
          "ySiCSY7sYoXYMfNSLcsDvvSBUon0XJnUX8wTL+E/FR8=": {
            "valueMac": {
              "type": "Buffer",
              "data": "AJCzBC6J9CqB8a+fHFjYWjUcAMuR4MjRTYFSxN+Yr3k="
            }
          },
          "OcerKt1AW9ef14CRoJXX0ETWY+VV8rLmDndPYSAKYYM=": {
            "valueMac": {
              "type": "Buffer",
              "data": "iqhqKsGtlKaYXyrJ4/utJee2dbbvZhhpw+zilKBHFZc="
            }
          },
          "zn31aeKcUbosXpO5qJ18GzYNaYVV+Z6WefNlHwEp3P4=": {
            "valueMac": {
              "type": "Buffer",
              "data": "3b0IP7z02wPRfJAcvR237r4Gns4iZhafDFyBOwbo/CI="
            }
          },
          "D9govC/ZxetnGmWZMVyJS/E8ap90ftb1TruGa4+9KDs=": {
            "valueMac": {
              "type": "Buffer",
              "data": "EJgTMrxbrf8eYzBwVBZnj4FoDKtfZXNsRKiyLD1GbYQ="
            }
          }
        }
      },
      "critical_block": {
        "version": 2,
        "hash": {
          "type": "Buffer",
          "data": "m1Z9qYMdCTm7wF8EB5lb+heE32GDgqYJfrFIB9j3GmXrrP/YTKpssG0BhoUtOwlb0BYha45xkTTHz78+y9Bgi079KoWhBQWl24xx4+yGMSR6NL3Mki4LNYQQvfO5E0xfe5Qm9KNw/GikAHPDcjjO7A7Vrm2arCGCh9c/77pqxyo="
        },
        "indexValueMap": {
          "GpaTuujM12ze4KEf5U/du69TRaNCkcYnIU8ThDrZV/8=": {
            "valueMac": {
              "type": "Buffer",
              "data": "YeOAL7jt8Lmuzaj1/65YnFqFRmiQri5CynEoGUS3eGE="
            }
          },
          "0Ga4uPxiqbqiha0UF80pMQ4bPK3ob7Esbb1CowwzWF0=": {
            "valueMac": {
              "type": "Buffer",
              "data": "qBuo+9cfb2wS/GgT9e+TOFzdzMlV2kTHALqa26VdaSI="
            }
          },
          "7Yk1v7unhs1edc/5rAf9zBaPq6vZlehYtoS5e0yDA/k=": {
            "valueMac": {
              "type": "Buffer",
              "data": "W2FXla0WQbzsd/JsRNkTb8bac8a7nRLRCYaz5jAW5c8="
            }
          }
        }
      },
      "regular": {
        "version": 2,
        "hash": {
          "type": "Buffer",
          "data": "zTL//BOy4hrd/swpTPetB8jBdia7NRO8GearedITjitfOV5rD0/aOF7PIw7aTnWfWuFMMMjZBJVV3wNHoOoGAiG6fVnM7VT+zcK891TV55Vk00mDokeiu8xMIUOz8PObqOqrKcojGxu9pbK7exN8nnfmqYplj1K5rR4iHvbzizc="
        },
        "indexValueMap": {
          "qVGhShoPtAeJZizsUlQ54Awo6oaF5KJzXzOA3ZIFGro=": {
            "valueMac": {
              "type": "Buffer",
              "data": "CL0mz1Rvqp8A/NCA++Giml3cGHdrsOepGZ0Sps0U9q8="
            }
          },
          "yzKlJwRYywoOQrGKvkAmBro6xsWC5N+nJq4+Ljb2od8=": {
            "valueMac": {
              "type": "Buffer",
              "data": "h4ZQme4z3ksFARppykDJF6fV+jlKLmV5DTE5fWpInFc="
            }
          }
        }
      },
      "regular_low": {
        "version": 5,
        "hash": {
          "type": "Buffer",
          "data": "lYMMzA9jIWI9kylY7RhdLlyDUgLN3XVY25Nto6Fs3rnux6D8ntjFJ3Ovp1mEJ/rxW/UJ5EcqfjmPJcDOvUsgMtQnXwU3Q/k8yC5/aQKOd30qUSPFbjj8u8iUPoovTuyp5tdXmuovgwAM92hKT62RKdsHmdZb2Ob2pBAKxEl7eto="
        },
        "indexValueMap": {
          "CU2Cfe/VPoYJ5w0tEGMmH0shLjSfroxwZgJixPA1wHo=": {
            "valueMac": {
              "type": "Buffer",
              "data": "5nbEqfP8Zj9O5fHuG1M2W9lpK9UPWHnD8sCfSd1B560="
            }
          },
          "TApTax0VBKYQVUiTZOToLDVz+T8BVAgcZDY8bta37hU=": {
            "valueMac": {
              "type": "Buffer",
              "data": "oiaKsKc2OEiGMVsaTAPmknKhAValI8yfbSggqNbUXcc="
            }
          },
          "ZSad4CvlCMscX5L0wsHW6jd58g3YITyy7xyrJ8duqb0=": {
            "valueMac": {
              "type": "Buffer",
              "data": "0BJmEW0vcM57+UhzJ9dIdEpQe6ascslvBrrbVgS+OfA="
            }
          },
          "gtQVZ70OO/nbpYJ+opomspsFr6cMmpKhz4dUNpFDC4M=": {
            "valueMac": {
              "type": "Buffer",
              "data": "tE6a2FO8BEdj3mvFtIMFAQaxutiemn4ZqFzt6cT4zds="
            }
          },
          "x8P1/cr8qPd6aerDPqsFmh3R0x+O+ttttRjJls4q7dM=": {
            "valueMac": {
              "type": "Buffer",
              "data": "lDmvHOm9tgg5skAprGabbaVxNRZmgCrP2Zh+ldTt/oQ="
            }
          },
          "yTNI55SOAdCec3y6HPspDLYAFhgzryQVTjYRrIAuvgc=": {
            "valueMac": {
              "type": "Buffer",
              "data": "k9jhq8o6xzKlZXYoxNzt/Y8a008QTkjOseimVpqwvII="
            }
          },
          "0kHHcDaEFzXAkBufQppxHvlpfc+mGfkYY6Tbrqhc9Bc=": {
            "valueMac": {
              "type": "Buffer",
              "data": "yvUylBb4tsxKuD698FrN5ykHGByGC7X5TUTOhFB3Z1g="
            }
          },
          "7B5nmrxNlPuCc75M/TEyZaccqRTY33cuj7ydMefGhJk=": {
            "valueMac": {
              "type": "Buffer",
              "data": "uX11XNoppKD0rBhUJ5teajyedVB4G5/sObNxhmLsPeM="
            }
          }
        }
      }
    }
  }
}